{"HiddenBias": [0.5516781165774886, 0.44501280492395384, 1.412308040928501, -0.7380076236314682, 0.07858405455840438], "HiddenWeights": [[[3, 0], 5.343459842565193], [[2, 0], -5.158542592593353], [[1, 0], 0.15184898389161838], [[0, 0], -2.8208371243136035], [[4, 0], 3.562284484129538]], "InputWeights": [[[0, 1], 0.5064550332625608], [[1, 2], 4.995486858598237], [[0, 0], 2.992438144459613], [[1, 1], 1.062448880957085], [[1, 4], 1.021491485908289], [[0, 2], -3.3842429352953705], [[1, 3], 4.341584096538526], [[0, 4], -3.208941651461372], [[0, 3], 3.920422077946187], [[1, 0], -1.4808910361706198]], "Dimensions": {"HiddenNodes": 5, "InputNodes": 2, "OutputNodes": 1}, "OutputBias": [-0.13474233955334225]}